<prezi xsi:schemaLocation="http://prezi.com/schema/prezi/2 http://prezi.com/schema/prezi/2" xmlns:xsi="http://www.w3.org/2001/XMLSchema-instance" version="2" xmlns="http://prezi.com/schema/prezi/2"><xFields><xField name="preziType"><xEnum type="PreziType" value="converted-from-core"/></xField></xFields><aspectRatio><aspectRatio value="16:9"/></aspectRatio><background><background><layers><array><backgroundImage><assetSourceFilename><string value="1010445729.png"/></assetSourceFilename><depth><double value="0"/></depth><fadeScale><double value="0.4269388560640548"/></fadeScale><height><double value="3000"/></height><localToWorld><transform2D x="-7.445186034269876" y="450.4870681401944" scale="6.805245289670339" rotation="0"/></localToWorld><onlineAssetId><string value="1571319898"/></onlineAssetId><onlineAssetUrl><string value="http://0103.static.prezi.com.s3.amazonaws.com/media/d/3/e/6e5b7ab9354dd99704c93501ccaed29cf4f3c.png"/></onlineAssetUrl><width><double value="3000"/></width></backgroundImage></array></layers></background></background><documentStyle><documentStyle><fontClasses><array><fontClass><fontFamily><string value="LiberationMonoPR"/></fontFamily><name><string value="body"/></name></fontClass><fontClass><fontFamily><string value="KomikaTitle"/></fontFamily><name><string value="custom-komikatitle"/></name></fontClass><fontClass><fontFamily><string value="LiberationMonoPR"/></fontFamily><fontWeight><fontWeight value="bold"/></fontWeight><name><string value="head"/></name></fontClass><fontClass><fontFamily><string value="LiberationMonoPR"/></fontFamily><fontStyle><fontStyle value="italic"/></fontStyle><fontWeight><fontWeight value="bold"/></fontWeight><name><string value="strong"/></name></fontClass></array></fontClasses><fontFamilies><array><fontFamily><fontFaces><array><fontFace><fontSrc><string value="KomikaTitle-Regular.keg"/></fontSrc></fontFace></array></fontFaces><name><string value="KomikaTitle"/></name></fontFamily><fontFamily><fontFaces><array><fontFace><fontSrc><string value="LiberationMonoPR-Regular.keg"/></fontSrc></fontFace><fontFace><fontSrc><string value="LiberationMonoPR-Bold.keg"/></fontSrc><fontWeight><fontWeight value="bold"/></fontWeight></fontFace><fontFace><fontSrc><string value="LiberationMonoPR-BoldItalic.keg"/></fontSrc><fontStyle><fontStyle value="italic"/></fontStyle><fontWeight><fontWeight value="bold"/></fontWeight></fontFace><fontFace><fontSrc><string value="LiberationMonoPR-Italic.keg"/></fontSrc><fontStyle><fontStyle value="italic"/></fontStyle></fontFace></array></fontFaces><name><string value="LiberationMonoPR"/></name></fontFamily></array></fontFamilies><styleDeclarations><array><styleDeclaration><styleBlock><styleBlock><gradEndAlpha><double value="0.7"/></gradEndAlpha><gradStartAlpha><double value="0.5"/></gradStartAlpha></styleBlock></styleBlock><styleSelector><simpleSelector value="zCircle"/></styleSelector></styleDeclaration><styleDeclaration><styleBlock><styleBlock><borderColor><color value="#B2B2B2"/></borderColor><color><color value="#E3F251"/></color><fillType><fillType value="linear"/></fillType><gradEndColor><color value="#B2B2B2"/></gradEndColor><gradStartColor><color value="#B2B2B2"/></gradStartColor></styleBlock></styleBlock><styleSelector><simpleSelector value="*.line1"/></styleSelector></styleDeclaration><styleDeclaration><styleBlock><styleBlock><borderColor><color value="#595959"/></borderColor><color><color value="#595959"/></color><fillType><fillType value="linear"/></fillType><gradEndColor><color value="#595959"/></gradEndColor><gradStartColor><color value="#595959"/></gradStartColor></styleBlock></styleBlock><styleSelector><simpleSelector value="*.line2"/></styleSelector></styleDeclaration><styleDeclaration><styleBlock><styleBlock><color><color value="#FEC06C"/></color><fillType><fillType value="linear"/></fillType><gradEndColor><color value="#FEC06C"/></gradEndColor><gradStartColor><color value="#FEC06C"/></gradStartColor></styleBlock></styleBlock><styleSelector><simpleSelector value="*.line3"/></styleSelector></styleDeclaration><styleDeclaration><styleBlock><styleBlock><borderColor><color value="#333333"/></borderColor><color><color value="#333333"/></color><fillType><fillType value="linear"/></fillType><gradEndColor><color value="#333333"/></gradEndColor><gradStartColor><color value="#333333"/></gradStartColor></styleBlock></styleBlock><styleSelector><simpleSelector value="*.line4"/></styleSelector></styleDeclaration><styleDeclaration><styleBlock><styleBlock><color><color value="#191919"/></color><fillType><fillType value="linear"/></fillType><gradEndColor><color value="#191919"/></gradEndColor><gradStartColor><color value="#191919"/></gradStartColor></styleBlock></styleBlock><styleSelector><simpleSelector value="*.line5"/></styleSelector></styleDeclaration><styleDeclaration><styleBlock><styleBlock><borderAlpha><double value="1"/></borderAlpha><borderColor><color value="#B2B2B2"/></borderColor><borderThickness><double value="9"/></borderThickness><color><color value="#8C8C8C"/></color><fillType><fillType value="linear"/></fillType><gradEndAlpha><double value="1"/></gradEndAlpha><gradEndColor><color value="#B2B2B2"/></gradEndColor><gradStartAlpha><double value="1"/></gradStartAlpha><gradStartColor><color value="#B2B2B2"/></gradStartColor></styleBlock></styleBlock><styleSelector><simpleSelector value="*.poly1"/></styleSelector></styleDeclaration><styleDeclaration><styleBlock><styleBlock><borderColor><color value="#595959"/></borderColor><color><color value="#8C8C8C"/></color><fillType><fillType value="linear"/></fillType><gradEndColor><color value="#595959"/></gradEndColor><gradStartColor><color value="#595959"/></gradStartColor></styleBlock></styleBlock><styleSelector><simpleSelector value="*.poly2"/></styleSelector></styleDeclaration><styleDeclaration><styleBlock><styleBlock><borderAlpha><double value="1"/></borderAlpha><borderColor><color value="#FEC06C"/></borderColor><borderThickness><double value="9"/></borderThickness><color><color value="#8C8C8C"/></color><fillType><fillType value="linear"/></fillType><gradEndColor><color value="#FEC06C"/></gradEndColor><gradStartColor><color value="#FEC06C"/></gradStartColor></styleBlock></styleBlock><styleSelector><simpleSelector value="*.poly3"/></styleSelector></styleDeclaration><styleDeclaration><styleBlock><styleBlock><color><color value="#8C8C8C"/></color><fillType><fillType value="linear"/></fillType><gradEndColor><color value="#333333"/></gradEndColor><gradStartColor><color value="#333333"/></gradStartColor></styleBlock></styleBlock><styleSelector><simpleSelector value="*.poly4"/></styleSelector></styleDeclaration><styleDeclaration><styleBlock><styleBlock><borderAlpha><double value="1"/></borderAlpha><borderColor><color value="#191919"/></borderColor><borderThickness><double value="9"/></borderThickness><color><color value="#8C8C8C"/></color><fillType><fillType value="linear"/></fillType><gradEndColor><color value="#191919"/></gradEndColor><gradStartColor><color value="#191919"/></gradStartColor></styleBlock></styleBlock><styleSelector><simpleSelector value="*.poly5"/></styleSelector></styleDeclaration><styleDeclaration><styleBlock><styleBlock><fillType><fillType value="linear"/></fillType><gradEndColor><color value="#8C8C8C"/></gradEndColor><gradStartColor><color value="#8C8C8C"/></gradStartColor></styleBlock></styleBlock><styleSelector><simpleSelector value="background"/></styleSelector></styleDeclaration><styleDeclaration><styleBlock><styleBlock><fillType><fillType value="linear"/></fillType><gradEndColor><color value="#F000B4"/></gradEndColor><gradStartColor><color value="#F000B4"/></gradStartColor><thickness><double value="7"/></thickness></styleBlock></styleBlock><styleSelector><simpleSelector value="zArrow"/></styleSelector></styleDeclaration><styleDeclaration><styleBlock><styleBlock><gradEndAlpha><double value="1"/></gradEndAlpha><gradStartAlpha><double value="1"/></gradStartAlpha><radius><double value="0"/></radius><thickness><double value="100"/></thickness></styleBlock></styleBlock><styleSelector><simpleSelector value="zCircle"/></styleSelector></styleDeclaration><styleDeclaration><styleBlock><styleBlock><color><color value="#FF9286"/></color></styleBlock></styleBlock><styleSelector><simpleSelector value="zPencil"/></styleSelector></styleDeclaration><styleDeclaration><styleBlock><styleBlock><borderAlpha><double value="0"/></borderAlpha><borderThickness><double value="0"/></borderThickness><fillType><fillType value="linear"/></fillType><gradEndAlpha><double value="1"/></gradEndAlpha><gradEndColor><color value="#333333"/></gradEndColor><gradStartAlpha><double value="1"/></gradStartAlpha><gradStartColor><color value="#333333"/></gradStartColor><padding><double value="1.03"/></padding><thickness><double value="8"/></thickness></styleBlock></styleBlock><styleSelector><simpleSelector value="zBracketFrame"/></styleSelector></styleDeclaration><styleDeclaration><styleBlock><styleBlock><borderAlpha><double value="0"/></borderAlpha><borderThickness><double value="0"/></borderThickness><fillType><fillType value="linear"/></fillType><gradEndAlpha><double value="1"/></gradEndAlpha><gradEndColor><color value="#404040"/></gradEndColor><gradStartAlpha><double value="1"/></gradStartAlpha><gradStartColor><color value="#404040"/></gradStartColor><padding><double value="1.03"/></padding><thickness><double value="8"/></thickness></styleBlock></styleBlock><styleSelector><simpleSelector value="zCircleFrame"/></styleSelector></styleDeclaration><styleDeclaration><styleBlock><styleBlock><borderColor><color value="#FFFFFF"/></borderColor><borderThickness><double value="20"/></borderThickness><fillType><fillType value="linear"/></fillType><gradEndColor><color value="#B2B2B2"/></gradEndColor><gradStartColor><color value="#B2B2B2"/></gradStartColor><padding><double value="1.03"/></padding><radius><double value="3"/></radius></styleBlock></styleBlock><styleSelector><simpleSelector value="zRectangleFrame"/></styleSelector></styleDeclaration><styleDeclaration><styleBlock><styleBlock><padding><double value="1.2"/></padding></styleBlock></styleBlock><styleSelector><simpleSelector value="zText"/></styleSelector></styleDeclaration><styleDeclaration><styleBlock><styleBlock><color><color value="#F6F6F6"/></color><fontClass><string value="body"/></fontClass></styleBlock></styleBlock><styleSelector><simpleSelector value="zText.body"/></styleSelector></styleDeclaration><styleDeclaration><styleBlock><styleBlock><backgroundAlpha><double value="0.9"/></backgroundAlpha><backgroundColor><color value="#191919"/></backgroundColor><backgroundPadding><double value="5"/></backgroundPadding></styleBlock></styleBlock><styleSelector><simpleSelector value="zText.body-background"/></styleSelector></styleDeclaration><styleDeclaration><styleBlock><styleBlock><color><color value="#F6F6F6"/></color><fontClass><string value="head"/></fontClass></styleBlock></styleBlock><styleSelector><simpleSelector value="zText.title"/></styleSelector></styleDeclaration><styleDeclaration><styleBlock><styleBlock><backgroundAlpha><double value="0.9"/></backgroundAlpha><backgroundColor><color value="#404040"/></backgroundColor><backgroundPadding><double value="5"/></backgroundPadding></styleBlock></styleBlock><styleSelector><simpleSelector value="zText.title-background"/></styleSelector></styleDeclaration><styleDeclaration><styleBlock><styleBlock><color><color value="#F6F6F6"/></color><fontClass><string value="strong"/></fontClass></styleBlock></styleBlock><styleSelector><simpleSelector value="zText.subtitle"/></styleSelector></styleDeclaration><styleDeclaration><styleBlock><styleBlock><backgroundAlpha><double value="0.9"/></backgroundAlpha><backgroundColor><color value="#191919"/></backgroundColor><backgroundPadding><double value="5"/></backgroundPadding></styleBlock></styleBlock><styleSelector><simpleSelector value="zText.subtitle-background"/></styleSelector></styleDeclaration><styleDeclaration><styleBlock><styleBlock><color><color value="#F000B4"/></color></styleBlock></styleBlock><styleSelector><simpleSelector value="zLine"/></styleSelector></styleDeclaration><styleDeclaration><styleBlock><styleBlock><color><color value="#318BFF"/></color><gradEndAlpha><double value="0.5"/></gradEndAlpha><gradStartAlpha><double value="0.5"/></gradStartAlpha></styleBlock></styleBlock><styleSelector><simpleSelector value="zMarker"/></styleSelector></styleDeclaration><styleDeclaration><styleBlock><styleBlock><borderAlpha><double value="1"/></borderAlpha><gradEndAlpha><double value="1"/></gradEndAlpha><gradStartAlpha><double value="1"/></gradStartAlpha><radius><double value="0"/></radius><thickness><double value="100"/></thickness></styleBlock></styleBlock><styleSelector><simpleSelector value="zTriangle"/></styleSelector></styleDeclaration><styleDeclaration><styleBlock><styleBlock><borderAlpha><double value="1"/></borderAlpha><gradEndAlpha><double value="1"/></gradEndAlpha><gradStartAlpha><double value="1"/></gradStartAlpha><radius><double value="0"/></radius><thickness><double value="100"/></thickness></styleBlock></styleBlock><styleSelector><simpleSelector value="zSquare"/></styleSelector></styleDeclaration><styleDeclaration><styleBlock><styleBlock><fontClass><string value="custom-komikatitle"/></fontClass></styleBlock></styleBlock><styleSelector><simpleSelector value="#0_30863873"/></styleSelector></styleDeclaration><styleDeclaration><styleBlock><styleBlock><borderColor><color value="#FEC06C"/></borderColor><thickness><double value="8"/></thickness></styleBlock></styleBlock><styleSelector><simpleSelector value="#10_225351753"/></styleSelector></styleDeclaration><styleDeclaration><styleBlock><styleBlock><borderColor><color value="#FEC06C"/></borderColor><thickness><double value="8"/></thickness></styleBlock></styleBlock><styleSelector><simpleSelector value="#16_225351753"/></styleSelector></styleDeclaration><styleDeclaration><styleBlock><styleBlock><borderColor><color value="#FEC06C"/></borderColor><thickness><double value="8"/></thickness></styleBlock></styleBlock><styleSelector><simpleSelector value="#24_225351753"/></styleSelector></styleDeclaration><styleDeclaration><styleBlock><styleBlock><borderColor><color value="#333333"/></borderColor></styleBlock></styleBlock><styleSelector><simpleSelector value="#35_30863873"/></styleSelector></styleDeclaration><styleDeclaration><styleBlock><styleBlock><borderColor><color value="#333333"/></borderColor></styleBlock></styleBlock><styleSelector><simpleSelector value="#38_30863873"/></styleSelector></styleDeclaration><styleDeclaration><styleBlock><styleBlock><borderColor><color value="#FEC06C"/></borderColor><thickness><double value="8"/></thickness></styleBlock></styleBlock><styleSelector><simpleSelector value="#42_30863873"/></styleSelector></styleDeclaration><styleDeclaration><styleBlock><styleBlock><borderColor><color value="#FEC06C"/></borderColor><thickness><double value="8"/></thickness></styleBlock></styleBlock><styleSelector><simpleSelector value="#44_30863873"/></styleSelector></styleDeclaration><styleDeclaration><styleBlock><styleBlock><borderColor><color value="#FEC06C"/></borderColor><thickness><double value="8"/></thickness></styleBlock></styleBlock><styleSelector><simpleSelector value="#45_30863873"/></styleSelector></styleDeclaration><styleDeclaration><styleBlock><styleBlock><borderColor><color value="#333333"/></borderColor></styleBlock></styleBlock><styleSelector><simpleSelector value="#47_30863873"/></styleSelector></styleDeclaration><styleDeclaration><styleBlock><styleBlock><borderColor><color value="#FEC06C"/></borderColor><thickness><double value="8"/></thickness></styleBlock></styleBlock><styleSelector><simpleSelector value="#4_30863873"/></styleSelector></styleDeclaration><styleDeclaration><styleBlock><styleBlock><borderColor><color value="#333333"/></borderColor></styleBlock></styleBlock><styleSelector><simpleSelector value="#50_30863873"/></styleSelector></styleDeclaration><styleDeclaration><styleBlock><styleBlock><borderColor><color value="#333333"/></borderColor></styleBlock></styleBlock><styleSelector><simpleSelector value="#53_30863873"/></styleSelector></styleDeclaration><styleDeclaration><styleBlock><styleBlock><thickness><double value="8"/></thickness></styleBlock></styleBlock><styleSelector><simpleSelector value="#56_30863873"/></styleSelector></styleDeclaration><styleDeclaration><styleBlock><styleBlock><borderColor><color value="#333333"/></borderColor></styleBlock></styleBlock><styleSelector><simpleSelector value="#9_225351753"/></styleSelector></styleDeclaration></array></styleDeclarations></documentStyle></documentStyle><path><array><flyToObject><target><ref value="0_225351753"/></target></flyToObject><flyToObject><target><ref value="47_30863873"/></target></flyToObject><flyToObject><target><ref value="1_30863873"/></target></flyToObject><flyToObject><target><ref value="35_30863873"/></target></flyToObject><flyToObject><target><ref value="8_225351753"/></target></flyToObject><flyToObject><target><ref value="38_30863873"/></target></flyToObject><flyToObject><target><ref value="9_225351753"/></target></flyToObject><flyToObject><target><ref value="13_225351753"/></target></flyToObject><flyToObject><target><ref value="50_30863873"/></target></flyToObject><flyToObject><target><ref value="15_225351753"/></target></flyToObject><flyToObject><target><ref value="17_225351753"/></target></flyToObject><flyToObject><target><ref value="18_225351753"/></target></flyToObject><flyToObject><target><ref value="19_225351753"/></target></flyToObject><flyToObject><target><ref value="15_225351753"/></target></flyToObject><flyToObject><target><ref value="50_30863873"/></target></flyToObject><flyToObject><target><ref value="53_30863873"/></target></flyToObject><flyToObject><target><ref value="23_225351753"/></target></flyToObject><flyToObject><target><ref value="26_225351753"/></target></flyToObject><flyToObject><target><ref value="27_225351753"/></target></flyToObject><flyToObject><target><ref value="28_225351753"/></target></flyToObject><flyToObject><target><ref value="29_225351753"/></target></flyToObject><flyToObject><target><ref value="30_225351753"/></target></flyToObject><flyToObject><target><ref value="32_225351753"/></target></flyToObject><flyToObject><target><ref value="35_225351753"/></target></flyToObject><flyToObject><target><ref value="32_30863873"/></target></flyToObject></array></path><zObjects><array><zRectangleFrame><height><double value="600"/></height><id><string value="1_30863873"/></id><localToWorld><transform2D x="-1112.4172390105" y="3812.405015402444" scale="3.3899899784948797" rotation="0"/></localToWorld><styleClasses><array><token value="roundrect"/></array></styleClasses><width><double value="600.1697312588402"/></width></zRectangleFrame><zArrow><id><string value="44_30863873"/></id><localToWorld><transform2D x="-177.47298939641985" y="1413.158553656897" scale="7.891933673238679" rotation="-1.5707963267948968"/></localToWorld><startEndDistance><double value="-370.4319795194991"/></startEndDistance><styleClasses><array><token value="line3"/></array></styleClasses></zArrow><zLine><id><string value="56_30863873"/></id><localToWorld><transform2D x="-3370.1594672106903" y="2083.2164738280344" scale="7.89193367323867" rotation="-1.5707963267948966"/></localToWorld><startEndDistance><double value="444.0030248953688"/></startEndDistance><styleClasses><array><token value="line3"/></array></styleClasses></zLine><zArrow><id><string value="4_30863873"/></id><localToWorld><transform2D x="1315.539344051378" y="3272.7053611026945" scale="7.891933673238672" rotation="-0.387088053199931"/></localToWorld><startEndDistance><double value="-376.115687763187"/></startEndDistance><styleClasses><array><token value="line3"/></array></styleClasses></zArrow><zInvisibleFrame><height><double value="1046.6309947203365"/></height><id><string value="32_30863873"/></id><localToWorld><transform2D x="9.82189338261043E-13" y="173.83579162874616" scale="15.803501066954212" rotation="0"/></localToWorld><styleClasses><array><token value="invisible"/></array></styleClasses><width><double value="1472.89701209242"/></width></zInvisibleFrame><zCircleFrame><height><double value="600"/></height><id><string value="35_30863873"/></id><localToWorld><transform2D x="-3341.9529192556483" y="-669.0053657378124" scale="3.3995787694200965" rotation="0"/></localToWorld><styleClasses><array><token value="circle"/></array></styleClasses><width><double value="600.1697312588402"/></width></zCircleFrame><zCircleFrame><height><double value="600"/></height><id><string value="38_30863873"/></id><localToWorld><transform2D x="-122.45" y="-1103.4" scale="3.405479524934451" rotation="0"/></localToWorld><styleClasses><array><token value="circle"/></array></styleClasses><width><double value="600.1697312588402"/></width></zCircleFrame><zArrow><id><string value="42_30863873"/></id><localToWorld><transform2D x="-2774.0483915787795" y="3833.492641047927" scale="7.891933673238651" rotation="-0.0033082934851000785"/></localToWorld><startEndDistance><double value="151.0427144775265"/></startEndDistance><styleClasses><array><token value="line3"/></array></styleClasses></zArrow><zArrow><id><string value="45_30863873"/></id><localToWorld><transform2D x="274.126028772214" y="5208.984158503667" scale="7.891933673238671" rotation="0.9377940974490095"/></localToWorld><startEndDistance><double value="-131.49081940429176"/></startEndDistance><styleClasses><array><token value="line3"/></array></styleClasses></zArrow><zCircleFrame><height><double value="600"/></height><id><string value="47_30863873"/></id><localToWorld><transform2D x="-6589.75" y="-350.4" scale="3.440865435657129" rotation="0"/></localToWorld><styleClasses><array><token value="circle"/></array></styleClasses><width><double value="600.1697312588402"/></width></zCircleFrame><zText><id><string value="49_30863873"/></id><localToWorld><transform2D x="-6366.249999999998" y="17.349999999999966" scale="4.778540939983324" rotation="0"/></localToWorld><styleClasses><array><token value="body"/></array></styleClasses><text><text><width>410.37969750608255</width><p><span><![CDATA[Yuming JIANG 460444981]]></span></p><p><span><![CDATA[Yuhao Cheng 450580673]]></span></p></text></text></zText><zCircleFrame><height><double value="600"/></height><id><string value="50_30863873"/></id><localToWorld><transform2D x="3751.2" y="2690.55" scale="3.440865435657129" rotation="0"/></localToWorld><styleClasses><array><token value="circle"/></array></styleClasses><width><double value="600.1697312588402"/></width></zCircleFrame><zCircleFrame><height><double value="600"/></height><id><string value="53_30863873"/></id><localToWorld><transform2D x="1745.85" y="6528.2" scale="5.128515299256271" rotation="0"/></localToWorld><styleClasses><array><token value="circle"/></array></styleClasses><width><double value="600.1697312588402"/></width></zCircleFrame><zImage><assetSourceFilename><string value="http://0103.static.prezi.com.s3.amazonaws.com/media/d/5/c/aaf25f84932025e7a5048d35b56b77a0acd87.png"/></assetSourceFilename><height><double value="476"/></height><id><string value="5_30863873"/></id><localToWorld><transform2D x="-4677.244525508478" y="-4884.553774661955" scale="10.06878420753072" rotation="-0.21607669983043384"/></localToWorld><mask><rectangle x="10" y="0" w="1129" h="476"/></mask><onlineAssetId><string value="1600132803"/></onlineAssetId><onlineAssetUrl><string value="http://0103.static.prezi.com.s3.amazonaws.com/media/d/5/c/aaf25f84932025e7a5048d35b56b77a0acd87.png"/></onlineAssetUrl><width><double value="1151"/></width></zImage><zText><id><string value="10_30863873"/></id><localToWorld><transform2D x="-1080.3" y="2999.8" scale="10.24322688707514" rotation="0"/></localToWorld><styleClasses><array><token value="subtitle"/></array></styleClasses><text><text><width>353.4932886209733</width><p align="center"><span><![CDATA[Problem]]></span></p></text></text></zText><zText><id><string value="11_30863873"/></id><localToWorld><transform2D x="-6603.850000000001" y="-684.65" scale="5.528890343782357" rotation="-0.0033082934851000785"/></localToWorld><styleClasses><array><token value="subtitle"/></array></styleClasses><text><text><width>280.6195924720217</width><p align="center"><span><![CDATA[Project Team Member]]></span></p></text></text></zText><zText><id><string value="13_30863873"/></id><localToWorld><transform2D x="-3628.95" y="-774.45" scale="9.821989017690134" rotation="0"/></localToWorld><styleClasses><array><token value="body"/></array></styleClasses><text><text><width>84.97969750608254</width><p><span><![CDATA[NOTE!]]></span></p></text></text></zText><zText><id><string value="14_30863873"/></id><localToWorld><transform2D x="-3347.7" y="-1317.55" scale="9.821989017690134" rotation="0"/></localToWorld><styleClasses><array><token value="subtitle"/></array></styleClasses><text><text><width>280.6195924720217</width><p align="center"><span><![CDATA[Solution]]></span></p></text></text></zText><zText><id><string value="16_30863873"/></id><localToWorld><transform2D x="-503.1518304513452" y="-1011.041981379191" scale="3.2497095298492464" rotation="0"/></localToWorld><styleClasses><array><token value="body"/></array></styleClasses><text><text><width>263.0296975060826</width><p><span><![CDATA[World’s famous Note-Taking App]]></span></p><p/><p><span><![CDATA[Sort by time]]></span></p><p><span><![CDATA[Sort by location]]></span></p><p><span><![CDATA[Alert by time]]></span></p><p/><p><span><![CDATA[No Location Notification]]></span></p><p/></text></text></zText><zImage><assetSourceFilename><string value="evernote.png"/></assetSourceFilename><height><double value="870"/></height><id><string value="6_225351753"/></id><localToWorld><transform2D x="263.38320016313196" y="-1057.1132604948837" scale="1.2995255012610556" rotation="0"/></localToWorld><onlineAssetId><string value="4643218031"/></onlineAssetId><onlineAssetUrl><string value="http://0103.static.prezi.com.s3.amazonaws.com/media/d/2/2/8f44c9d51caa8f47702809a5014f7faf6653c.png"/></onlineAssetUrl><width><double value="507"/></width></zImage><zText><id><string value="17_30863873"/></id><localToWorld><transform2D x="-145.3" y="-1741.5" scale="9.26962077523097" rotation="0"/></localToWorld><styleClasses><array><token value="subtitle"/></array></styleClasses><text><text><width>280.6195924720217</width><p align="center"><span><![CDATA[Evernote]]></span></p></text></text></zText><zText><id><string value="19_30863873"/></id><localToWorld><transform2D x="3808.791863439185" y="3012.4853534171602" scale="7.3165906336251005" rotation="0"/></localToWorld><styleClasses><array><token value="body"/></array></styleClasses><text><text><width>231.87969750608255</width><p><span><![CDATA[So easy to use!]]></span></p></text></text></zText><zText><id><string value="20_30863873"/></id><localToWorld><transform2D x="3753.3" y="2370.75" scale="7.3165906336251005" rotation="0"/></localToWorld><styleClasses><array><token value="subtitle"/></array></styleClasses><text><text><width>280.6195924720217</width><p align="center"><span><![CDATA[Location Notification in Background]]></span></p><p align="center"/></text></text></zText><zText><id><string value="0_30863873"/></id><localToWorld><transform2D x="-5096.984458616004" y="-5001.422097629339" scale="87.44119871280556" rotation="-0.216076699830434"/></localToWorld><styleClasses><array><token value="title"/></array></styleClasses><text><text><width>120.5184835747572</width><p align="center"><span color="0"><![CDATA[NOTE]]></span></p></text></text></zText><zInvisibleFrame><height><double value="600"/></height><id><string value="2"/></id><localToWorld><transform2D x="0" y="174.4" scale="27.482288355433376" rotation="0"/></localToWorld><styleClasses><array><token value="invisible"/></array></styleClasses><width><double value="1066.6666666666663"/></width></zInvisibleFrame><zInvisibleFrame><height><double value="600"/></height><id><string value="3"/></id><localToWorld><transform2D x="0" y="174.4" scale="27.482288355433376" rotation="0"/></localToWorld><styleClasses><array><token value="invisible"/></array></styleClasses><width><double value="1066.6666666666663"/></width></zInvisibleFrame><zInvisibleFrame><height><double value="600"/></height><id><string value="0_225351753"/></id><localToWorld><transform2D x="1097.95" y="-217.65" scale="27.610937468767542" rotation="0"/></localToWorld><styleClasses><array><token value="invisible"/></array></styleClasses><width><double value="1292.941176470588"/></width></zInvisibleFrame><zImage><assetSourceFilename><string value="problem.jpg"/></assetSourceFilename><height><double value="1125"/></height><id><string value="1_225351753"/></id><localToWorld><transform2D x="-1132.3" y="4175.7" scale="1.1213400353954117" rotation="0"/></localToWorld><onlineAssetId><string value="4643215779"/></onlineAssetId><onlineAssetUrl><string value="http://0103.static.prezi.com.s3.amazonaws.com/media/6/9/8/5eeaf4aa238e74a68fe7b0ed84c964e1e96e9.jpg"/></onlineAssetUrl><width><double value="1125"/></width></zImage><zText><id><string value="2_225351753"/></id><localToWorld><transform2D x="-1112.8500000000001" y="3312.25" scale="9.680000000000001" rotation="0"/></localToWorld><styleClasses><array><token value="body"/></array></styleClasses><text><text><width>-172.828125</width><p><span><![CDATA[What to eat?]]></span></p></text></text></zText><zImage><assetSourceFilename><string value="note logo.png"/></assetSourceFilename><height><double value="256"/></height><id><string value="4_225351753"/></id><localToWorld><transform2D x="-3749.7000000000003" y="-325.1" scale="1.8887519269089375" rotation="0"/></localToWorld><onlineAssetId><string value="4643217096"/></onlineAssetId><onlineAssetUrl><string value="http://0103.static.prezi.com.s3.amazonaws.com/media/d/1/8/4bb64c15e2e7294d7902bf7c861dbdaca1457.png"/></onlineAssetUrl><width><double value="256"/></width></zImage><zImage><assetSourceFilename><string value="example.PNG"/></assetSourceFilename><height><double value="866"/></height><id><string value="7_225351753"/></id><localToWorld><transform2D x="-2916.95" y="-500.05" scale="1.2344910916165441" rotation="0"/></localToWorld><onlineAssetId><string value="4643219452"/></onlineAssetId><onlineAssetUrl><string value="http://0103.static.prezi.com.s3.amazonaws.com/media/2/c/f/a10bcc00a0b90501180b9dcf4df4d780e784d.PNG"/></onlineAssetUrl><width><double value="463"/></width></zImage><zInvisibleFrame><height><double value="600"/></height><id><string value="8_225351753"/></id><localToWorld><transform2D x="-2910.9" y="-862.9" scale="0.752027574597754" rotation="0"/></localToWorld><styleClasses><array><token value="invisible"/></array></styleClasses><width><double value="1292.941176470588"/></width></zInvisibleFrame><zCircleFrame><height><double value="800"/></height><id><string value="9_225351753"/></id><localToWorld><transform2D x="4661.25" y="-711" scale="4.938967388244989" rotation="0"/></localToWorld><styleClasses><array><token value="circle"/></array></styleClasses><width><double value="800"/></width></zCircleFrame><zArrow><id><string value="10_225351753"/></id><localToWorld><transform2D x="1639.3084107257837" y="1988.8377999306192" scale="7.891933673238676" rotation="-0.6797219934391944"/></localToWorld><startEndDistance><double value="-518.2374208835313"/></startEndDistance><styleClasses><array><token value="line3"/></array></styleClasses></zArrow><zText><id><string value="11_225351753"/></id><localToWorld><transform2D x="4746.092492721127" y="-1817.3422309971359" scale="31.489411379928733" rotation="0"/></localToWorld><styleClasses><array><token value="subtitle"/></array></styleClasses><text><text><width>63.06139299200512</width><p><span><![CDATA[NOTE]]></span></p></text></text></zText><zText><id><string value="12_225351753"/></id><localToWorld><transform2D x="3696.6499999999987" y="-442.4499999999998" scale="6.770952150041247" rotation="0"/></localToWorld><styleClasses><array><token value="subtitle"/></array></styleClasses><text><text><width>-230.4375</width><p><span><![CDATA[Sort by time]]></span></p><p><span><![CDATA[Sort by location]]></span></p><p><span><![CDATA[Alert by time]]></span></p></text></text></zText><zText><id><string value="13_225351753"/></id><localToWorld><transform2D x="4660.95" y="-1264.1" scale="10.84819904613764" rotation="0"/></localToWorld><styleClasses><array><token value="subtitle"/></array></styleClasses><text><text><width>-302.44921875</width><p><span color="15478355"><![CDATA[Location Notification]]></span></p></text></text></zText><zImage><assetSourceFilename><string value="main activity.PNG"/></assetSourceFilename><height><double value="866"/></height><id><string value="14_225351753"/></id><localToWorld><transform2D x="5111.699999999999" y="-84.69999999999993" scale="2.0773553625594485" rotation="0"/></localToWorld><onlineAssetId><string value="4643221149"/></onlineAssetId><onlineAssetUrl><string value="http://0103.static.prezi.com.s3.amazonaws.com/media/4/1/7/51f5ad8e86aab999a4484cc20abe752e16bc1.PNG"/></onlineAssetUrl><width><double value="463"/></width></zImage><zRectangleFrame><height><double value="600"/></height><id><string value="15_225351753"/></id><localToWorld><transform2D x="6260.05" y="6508.35" scale="4.207538423076394" rotation="0.004416288203609288"/></localToWorld><styleClasses><array><token value="roundrect"/></array></styleClasses><width><double value="1074.6268656716418"/></width></zRectangleFrame><zArrow><id><string value="16_225351753"/></id><localToWorld><transform2D x="5354.728758471491" y="4303.251929402049" scale="7.891933673238671" rotation="0.752414026132624"/></localToWorld><startEndDistance><double value="-328.18259329578177"/></startEndDistance><styleClasses><array><token value="line3"/></array></styleClasses></zArrow><zImage><assetSourceFilename><string value="edit note.PNG"/></assetSourceFilename><height><double value="866"/></height><id><string value="17_225351753"/></id><localToWorld><transform2D x="4786.05" y="6497.3" scale="2.4098603439329005" rotation="0.004416288203609288"/></localToWorld><onlineAssetId><string value="4643223927"/></onlineAssetId><onlineAssetUrl><string value="http://0103.static.prezi.com.s3.amazonaws.com/media/c/a/a/bec56f37bd0d46f293720f585525a3b6680b8.PNG"/></onlineAssetUrl><width><double value="463"/></width></zImage><zImage><assetSourceFilename><string value="alert location.PNG"/></assetSourceFilename><height><double value="866"/></height><id><string value="18_225351753"/></id><localToWorld><transform2D x="6215.35" y="6479.25" scale="2.415527035546184" rotation="0"/></localToWorld><onlineAssetId><string value="4643223943"/></onlineAssetId><onlineAssetUrl><string value="http://0103.static.prezi.com.s3.amazonaws.com/media/b/e/f/45ca618ef890ea64c03de191a4397f7cdf912.PNG"/></onlineAssetUrl><width><double value="463"/></width></zImage><zImage><assetSourceFilename><string value="save note.PNG"/></assetSourceFilename><height><double value="866"/></height><id><string value="19_225351753"/></id><localToWorld><transform2D x="7648.35" y="6488.85" scale="2.395761035878162" rotation="0.0044162882036092865"/></localToWorld><onlineAssetId><string value="4643223968"/></onlineAssetId><onlineAssetUrl><string value="http://0103.static.prezi.com.s3.amazonaws.com/media/4/0/4/c3168bc89db1503b4750ad90839b8160949b6.PNG"/></onlineAssetUrl><width><double value="463"/></width></zImage><zText><id><string value="21_225351753"/></id><localToWorld><transform2D x="1724.9" y="5702.05" scale="9.248890344756514" rotation="0"/></localToWorld><styleClasses><array><token value="subtitle"/></array></styleClasses><text><text><width>-230.4375</width><p align="center"><span><![CDATA[So many ]]></span></p><p align="center"><span><![CDATA[useful functions]]></span></p><p/></text></text></zText><zText><id><string value="22_225351753"/></id><localToWorld><transform2D x="1790" y="6698" scale="6.17666859748179" rotation="0"/></localToWorld><styleClasses><array><token value="body"/></array></styleClasses><text><text><width>-446.47265625</width><p><span><![CDATA[1. log in with Facebook account]]></span></p><p><span><![CDATA[2. Share the note with Facebook]]></span></p><p><span><![CDATA[3. Set an alert time ]]></span></p><p><span><![CDATA[4. Sort the notes ]]></span></p><p><span><![CDATA[5. Insert photo into the note]]></span></p><p><span><![CDATA[6. Many other functions]]></span></p><p/></text></text></zText><zRectangleFrame><height><double value="473.58837891332223"/></height><id><string value="23_225351753"/></id><localToWorld><transform2D x="-5519.1" y="6233.9" scale="4.663228449122445" rotation="0"/></localToWorld><styleClasses><array><token value="roundrect"/></array></styleClasses><width><double value="1218.5465082296685"/></width></zRectangleFrame><zArrow><id><string value="24_225351753"/></id><localToWorld><transform2D x="-1169.6653661930673" y="6414.02004187252" scale="7.891933673238674" rotation="-3.0548735193807417"/></localToWorld><startEndDistance><double value="-355.3604208861482"/></startEndDistance><styleClasses><array><token value="line3"/></array></styleClasses></zArrow><zImage><assetSourceFilename><string value="login with facebook.PNG"/></assetSourceFilename><height><double value="866"/></height><id><string value="26_225351753"/></id><localToWorld><transform2D x="-7740.2" y="6265.249999999999" scale="1.8370787784445346" rotation="0"/></localToWorld><onlineAssetId><string value="4643227902"/></onlineAssetId><onlineAssetUrl><string value="http://0103.static.prezi.com.s3.amazonaws.com/media/4/b/2/33a6c626d997102c7f59c5863fae0ea8e4e11.PNG"/></onlineAssetUrl><width><double value="463"/></width></zImage><zImage><assetSourceFilename><string value="share via facebook.PNG"/></assetSourceFilename><height><double value="866"/></height><id><string value="27_225351753"/></id><localToWorld><transform2D x="-6638.78491421794" y="6265.143064152288" scale="1.8370789045899505" rotation="0"/></localToWorld><onlineAssetId><string value="4643227924"/></onlineAssetId><onlineAssetUrl><string value="http://0103.static.prezi.com.s3.amazonaws.com/media/8/7/c/596e4680ace3f15a541080166e7a8e25c5870.PNG"/></onlineAssetUrl><width><double value="463"/></width></zImage><zImage><assetSourceFilename><string value="alert time.PNG"/></assetSourceFilename><height><double value="866"/></height><id><string value="28_225351753"/></id><localToWorld><transform2D x="-5519.034914217939" y="6265.143064152288" scale="1.837078904589953" rotation="0"/></localToWorld><onlineAssetId><string value="4643227993"/></onlineAssetId><onlineAssetUrl><string value="http://0103.static.prezi.com.s3.amazonaws.com/media/3/d/8/ac414fdf732a655ef5cc81483aa3911a35a7b.PNG"/></onlineAssetUrl><width><double value="463"/></width></zImage><zImage><assetSourceFilename><string value="sort.PNG"/></assetSourceFilename><height><double value="866"/></height><id><string value="29_225351753"/></id><localToWorld><transform2D x="-4430.584914217941" y="6265.143064152288" scale="1.8370789045899518" rotation="0"/></localToWorld><onlineAssetId><string value="4643228113"/></onlineAssetId><onlineAssetUrl><string value="http://0103.static.prezi.com.s3.amazonaws.com/media/6/f/c/588a210c81d0f9c3513d1456518d4d99d8674.PNG"/></onlineAssetUrl><width><double value="463"/></width></zImage><zImage><assetSourceFilename><string value="photo.PNG"/></assetSourceFilename><height><double value="866"/></height><id><string value="30_225351753"/></id><localToWorld><transform2D x="-3332.93491421794" y="6265.143064152288" scale="1.8370789045899518" rotation="0"/></localToWorld><onlineAssetId><string value="4643228153"/></onlineAssetId><onlineAssetUrl><string value="http://0103.static.prezi.com.s3.amazonaws.com/media/3/8/2/1a29f424918483227b0845f72537765c09113.PNG"/></onlineAssetUrl><width><double value="463"/></width></zImage><zInvisibleFrame><height><double value="600"/></height><id><string value="32_225351753"/></id><localToWorld><transform2D x="-5518.85" y="6233.55" scale="6.218956086405212" rotation="0"/></localToWorld><styleClasses><array><token value="invisible"/></array></styleClasses><width><double value="1066.6666666666665"/></width></zInvisibleFrame><zText><id><string value="34_225351753"/></id><localToWorld><transform2D x="-6216.45" y="2574.7421143357783" scale="10.24322688707514" rotation="0"/></localToWorld><styleClasses><array><token value="subtitle"/></array></styleClasses><text><text><width>297.5</width><p><span color="15478355"><![CDATA[Just install NOTE ]]></span></p><p><span color="15478355"><![CDATA[Prepare for tomorrow]]></span></p></text></text></zText><zInvisibleFrame><height><double value="342.4046566018034"/></height><id><string value="35_225351753"/></id><localToWorld><transform2D x="-6275.501546871497" y="2585.253497740336" scale="2.0652130715242123" rotation="0"/></localToWorld><styleClasses><array><token value="invisible"/></array></styleClasses><width><double value="1518.4953734281403"/></width></zInvisibleFrame></array></zObjects></prezi>